name,gender,age,weight,height,Day 1,Day 2,Day 3
신유정,여자,5,19.8,110.5,"어젯밤에 한숨도 못 잤다. 아이가 밤새 울면서 잠을 안 자서, 달래느라 나도 밤을 샜다. 아이 얼굴이 빨갛길래 열을 재봤는데, 체온이 38.5까지 올라서 너무 놀랐다. 요즘 독감이 유행이라는데.. 너무 걱정된다ㅠㅠ 
그런데 아직 병원이 문을 안 열었다ㅠㅠ 이따가 소아과 문 열자마자 가봐야겠다. 병원 가기 전까지 뭘하면 좋을까..?","소아과에 갔는데 다행히도 독감은 아니라고 했다. 일단 해열제를 처방받았더니 열은 좀 내렸다. 그래도 아이가 잠을 잘 자지 못한다. 안쓰럽다ㅠㅠ 물수건을 이마에 올려주긴 했는데.. 잘 하고 있는거 맞겠지?
그나저나 병원에 갔더니 나이별 예방접종 목록표가 있었다. 때가 될 때마다 접종시키고 있긴 한데, 빠진 건 없겠지..? 접종기록 하나하나 체크해서 아이 나이에 맞게 알람도 주는 그런 편한 앱은 어디 없을까ㅠㅠ 불편해!","어제까지는 아이가 밥을 하나도 안 먹더니, 오늘부터는 이제 조금씩 먹기 시작했다. 이제 점점 미소도 짓고, 살짝 활기를 되찾는 것 같다. 그런데 오히려 내가 3일 동안 아이 걱정하느라 밥을 잘 못먹어서 헬쓱해졌다ㅋㅋㅋ 내 건강도 챙겨야지 이제…!
아이가 괜찮아진 것 같긴 한데, 내일 다시 병원에 한번 더 가볼까? 아님 귀찮기도 한데 그냥 있어도 될까..? 고민이다. 똑똑한 AI가 오늘도 답장 주겠지ㅎㅎ?"
김민서,남자,11,40.5,145,"오늘은 정말 힘든 하루였다. 아침부터 시작된 아이의 기침과 콧물이 계속되어 걱정이 이만저만이 아니다. 아이의 얼굴이 유난히 창백해 보여서 열을 재보니 38.2도나 나왔다. 요즘 주변에서 감기가 유행이라는 이야기를 들었는데, 혹시 아이도 그 영향을 받은 건 아닐까 싶어 마음이 무겁다.

아이가 계속해서 기침을 하며 불편해하는 모습을 보니 마음이 아프다. 병원에 전화해보니 아직 문을 열 시간이 되지 않았다.","점심 무렵에는 열이 38.3도까지 올라갔다. 이마에 손을 대보니 뜨거워서 급히 체온계로 확인해보았다. 평소 아이가 건강했기 때문에 이런 상황이 너무 낯설고 걱정이 크다.

아이가 열이 나는 동안 계속해서 안절부절못하며 울고 있어서 나도 마음이 너무 아프다. 아이가 조금이라도 편안함을 느낄 수 있도록 시원한 수건으로 이마를 닦아주었다. 물을 자주 마시게 하고, 가볍게 몸을 닦아줬다.","기침과 콧물이 심해져서 밤새도록 잠을 제대로 못 잤다. 아침에 일어나자마자 아이의 체온을 재보니 37.8도였다. 아이의 기운이 없어 보이고 계속해서 기침을 하고 있어서 마음이 무겁다.

감기인 줄 알았지만, 이렇게 오래 지속되고 체온이 계속 높게 나오니 걱정이 된다."
